episode,epsilon,mean_team_return,consensus_rate,seconds
500,0.966,2.0576,0.338,5.7
1000,0.932,4.7587,0.378,11.4
1500,0.898,3.9361,0.35,17.2
2000,0.864,5.1562,0.386,22.9
2500,0.83,4.8741,0.392,28.8
3000,0.796,5.6478,0.414,34.7
3500,0.762,7.6303,0.452,40.5
4000,0.729,6.8549,0.452,46.3
4500,0.695,4.6243,0.386,52.2
5000,0.661,6.9202,0.45,59.8
5500,0.627,7.4461,0.474,69.2
6000,0.593,8.9378,0.504,80.4
6500,0.559,6.8917,0.442,91.6
7000,0.525,10.3323,0.536,101.7
7500,0.491,9.7552,0.504,110.9
8000,0.457,10.7465,0.498,119.2
8500,0.423,11.3617,0.558,130.6
9000,0.389,10.7036,0.568,140.8
9500,0.355,9.5468,0.532,152.0
10000,0.321,12.5041,0.544,163.4
10500,0.287,12.6337,0.594,174.8
11000,0.254,11.4966,0.566,185.5
11500,0.22,14.3603,0.628,195.1
12000,0.186,13.2801,0.59,206.7
12500,0.152,14.7834,0.618,218.4
13000,0.118,15.632,0.664,229.7
13500,0.084,15.221,0.686,240.7
14000,0.05,15.585,0.672,250.8
14500,0.05,15.3087,0.67,262.1
15000,0.05,15.5029,0.67,273.2
15500,0.05,14.8801,0.662,284.7
16000,0.05,13.9267,0.624,296.4
16500,0.05,14.5564,0.648,307.8
17000,0.05,15.2293,0.67,319.0
17500,0.05,16.907,0.682,330.5
18000,0.05,15.4574,0.68,336.6
18500,0.05,15.1263,0.662,342.5
19000,0.05,16.1961,0.668,348.4
19500,0.05,16.2897,0.68,354.8
20000,0.05,15.9134,0.658,365.9
