episode,entropy,mean_team_return,consensus_rate,seconds
512,0.7056,9.1715,0.4961,8.4
1024,0.7195,15.0547,0.6113,17.0
1536,0.6483,16.5444,0.6641,25.7
2048,0.6306,18.0927,0.7051,34.6
2560,0.6289,16.2081,0.6738,43.4
3072,0.4886,16.3746,0.6758,52.0
3584,0.5481,17.7212,0.6953,60.6
4096,0.5371,16.8988,0.6738,69.0
4608,0.584,17.0439,0.666,77.4
5120,0.5846,18.017,0.6973,86.0
5632,0.5456,18.7925,0.7109,94.6
6144,0.5084,18.5617,0.7285,103.0
6656,0.5023,18.4294,0.6816,111.4
7168,0.4771,18.7599,0.7168,120.1
7680,0.4908,18.3909,0.6738,128.6
8192,0.5717,19.3324,0.7109,137.0
8704,0.5731,18.5508,0.6973,145.5
9216,0.5024,17.6187,0.7363,154.1
9728,0.5267,18.7542,0.6816,162.6
10240,0.4774,18.6576,0.6797,170.9
10752,0.5348,19.3373,0.748,179.5
11264,0.4861,19.3534,0.6992,187.7
11776,0.5034,18.7214,0.6934,196.1
12288,0.5456,18.8361,0.6816,204.6
12800,0.5868,19.5422,0.7344,213.0
13312,0.5168,18.5782,0.6914,221.5
13824,0.4858,18.8966,0.7246,229.9
14336,0.4867,18.5517,0.7148,238.2
14848,0.4259,19.6782,0.7109,246.6
15360,0.4257,18.6652,0.709,256.0
15872,0.4502,18.3565,0.6758,264.7
16384,0.385,18.1558,0.6816,273.3
16896,0.3806,18.2331,0.6895,281.8
17408,0.3793,19.4765,0.6953,293.2
17920,0.438,19.1276,0.7207,306.9
18432,0.4143,17.9413,0.6855,320.7
18944,0.4178,19.2714,0.6953,333.9
19456,0.455,19.573,0.7051,347.1
19968,0.467,18.9631,0.709,360.7
